id,fecha,cliente,problema,solucion,usuario,estado
1,2026-03-10 22:29,C2,Problema Modificado,Solucion Modificada,U2,Cerrado
1,2026-03-10 22:31,Alkanatur,Problema2,Solucion2,Sistemas,En estudio
2,2026-03-10 22:31,Otis,Problemon 3,Solucion 3,David,Abierto
3,2026-03-10 23:09,Otis,"asdasdasada
asdasd
asdasd
asd","asdasda
asdas
dasd
asdas",David,Resuelto
4,2026-03-10 23:09,Alkanatur,Problemons,12341234123434,USER,Ni idea
5,2026-03-10 23:18,AIC,2143214,124312341234,Miguel,Resuelto
6,2026-03-11 11:49,Otis,Soy un burro,Llamar a Atenea para que arregle,Atenea,Abierto
7,2026-03-24 21:41,Alkanatur,Problemón,Solución,Tania,Cerrado
8,2026-03-24 21:45,Alkanatur,"Problemon, problemon !",Soolucikn de la leche por el mejjor de los mejores de rebullon,Mateo,Abierto
